{
  "aim_diff": -5.4144000000000005,
  "positioning_diff": -15.642000000000003,
  "utility_diff": 6.2089,
  "accuracy_enemy_spotted_diff": -2.260200000000001,
  "accuracy_head_diff": -2.0053,
  "counter_strafing_good_shots_ratio_diff": -2.7223999999999933,
  "flashbang_hit_foe_avg_duration_diff": 0.1734,
  "flashbang_hit_foe_per_flashbang_diff": -0.030100000000000016,
  "flashbang_hit_friend_per_flashbang_diff": -0.05180000000000001,
  "flashbang_leading_to_kill_diff": 0.00849999999999973,
  "he_foes_damage_avg_diff": 0.36650000000000027,
  "he_friends_damage_avg_diff": -0.36119999999999997,
  "preaim_diff": -1.4856999999999996,
  "reaction_time_ms_diff": 0.34010000000000673,
  "spray_accuracy_diff": -0.09120000000000061,
  "utility_on_death_avg_diff": -29.959399999999988,
  "clutch": 0.1033,
  "clutch_tier": "average",
  "opening": -0.0213,
  "opening_tier": "average",
  "ct_leetify": -0.0084,
  "ct_leetify_tier": "average",
  "t_leetify": -0.0181,
  "t_leetify_tier": "average"
}