{
  "aim_diff": -7.404699999999998,
  "positioning_diff": -15.642000000000003,
  "utility_diff": 5.828099999999999,
  "accuracy_enemy_spotted_diff": -1.918800000000001,
  "accuracy_head_diff": -2.4940999999999995,
  "counter_strafing_good_shots_ratio_diff": -3.6192000000000064,
  "flashbang_hit_foe_avg_duration_diff": 0.1554000000000002,
  "flashbang_hit_foe_per_flashbang_diff": -0.023600000000000065,
  "flashbang_hit_friend_per_flashbang_diff": -0.05230000000000001,
  "flashbang_leading_to_kill_diff": 0.14109999999999978,
  "he_foes_damage_avg_diff": 0.15329999999999977,
  "he_friends_damage_avg_diff": -0.366,
  "preaim_diff": -1.4757999999999996,
  "reaction_time_ms_diff": -4.886499999999955,
  "spray_accuracy_diff": -1.6283999999999992,
  "utility_on_death_avg_diff": -24.71120000000002,
  "clutch": 0.1095,
  "clutch_tier": "average",
  "opening": -0.0241,
  "opening_tier": "average",
  "ct_leetify": -0.0072,
  "ct_leetify_tier": "average",
  "t_leetify": -0.0175,
  "t_leetify_tier": "average"
}